[
  {
  "id": "helix-outriders",
  "title": "Helix Outriders",
  "description": "Promotional website for the Helix Outriders game concept (React + TypeScript).",
  "longDescription": "A promotional/landing website for the Helix Outriders game concept. Built to showcase the game’s vibe and key info in a clean, modern UI with responsive layout and polished sections. Deployed on Vercel. ",
  "year": 2025,
  "category": "web",
  "techStack": ["React", "TypeScript", "CSS", "HTML"],
  "imageUrl": "/images/project-placeholder.svg",
  "liveUrl": "https://helixoutriders.vercel.app/",
  "repoUrl": "https://github.com/RodneyMcast/helix-outriders."
},
  {
  "id": "budget-website",
  "title": "Budget Website",
  "description": "Budget-focused web project deployed on Vercel.",
  "longDescription": "A budgeting-themed website project. Deployed on Vercel and written primarily in TypeScript with supporting CSS/HTML. ",
  "year": 2025,
  "category": "mobile",
  "techStack": ["React","TypeScript", "CSS", "HTML"],
  "imageUrl": "/images/project-placeholder.svg",
  "liveUrl": "https://budgewebsite.vercel.app/",
  "repoUrl": "https://github.com/RodneyMcast/BudgetWebsite/tree/main/Budget_Website"
},
  {
    "id": "project-3",
    "title": "Title 3",
    "description": "Short description 3.",
    "longDescription": "Long description 3. Add details about goals, tools, and results.",
    "year": 2024,
    "category": "games",
    "techStack": ["Tech 2", "Tech 4"],
    "imageUrl": "/images/project-placeholder.svg",
    "liveUrl": "https://example.com/project-3",
    "repoUrl": "https://github.com/user/project-3"
  },
  {
    "id": "project-4",
    "title": "Title 4",
    "description": "Short description 4.",
    "longDescription": "Long description 4. Add details about goals, tools, and results.",
    "year": 2022,
    "category": "api",
    "techStack": ["Tech 1", "Tech 5"],
    "imageUrl": "/images/project-placeholder.svg",
    "liveUrl": "https://example.com/project-4",
    "repoUrl": "https://github.com/user/project-4"
  },
  {
    "id": "project-5",
    "title": "Title 5",
    "description": "Short description 5.",
    "longDescription": "Long description 5. Add details about goals, tools, and results.",
    "year": 2023,
    "category": "web",
    "techStack": ["Tech 2", "Tech 6"],
    "imageUrl": "/images/project-placeholder.svg",
    "liveUrl": "https://example.com/project-5",
    "repoUrl": "https://github.com/user/project-5"
  },
  {
    "id": "project-6",
    "title": "Title 6",
    "description": "Short description 6.",
    "longDescription": "Long description 6. Add details about goals, tools, and results.",
    "year": 2021,
    "category": "games",
    "techStack": ["Tech 3", "Tech 4"],
    "imageUrl": "/images/project-placeholder.svg",
    "liveUrl": "https://example.com/project-6",
    "repoUrl": "https://github.com/user/project-6"
  }
]
